"1","Judith Vasquez","01@up.edu.mx","1234",
"10","Mariano Zaragoza","010@up.edu.mx","1234",
"12","Aldo","12@up.edu.mx","1234",
"2","Adriana Alejandra Perez Echeverria","02@up.edu.mx","1234",
"3","Virtudes Jerez","03@up.edu.mx","1234",
"34","Profesor34","34@up.edu.mx","1234",
"4","Gumersindo Ayuso","04@up.edu.mx","1234",
"5","Marian Salguero","05@up.edu.mx","1234",
"6","Paulina Mestre","06@up.edu.mx","1234",
"7","Maria-Paz Rebollo","07@up.edu.mx","1234",
"8","Juan Antonio Pastor","08@up.edu.mx","1234",
"9","Juan Fernando Wang","09@up.edu.mx","1234",
